-- auditorium
INSERT INTO auditorium (id,screening_id) VALUES (1,1);
INSERT INTO auditorium (id,screening_id) VALUES (2,2);
-- seats
INSERT INTO seat (id,seat_number,available) VALUES (1,'1A',true);
INSERT INTO seat (id,seat_number,available) VALUES (2,'2A',true);
INSERT INTO seat (id,seat_number,available) VALUES (3,'3A',true);
INSERT INTO seat (id,seat_number,available) VALUES (4,'4A',true);
INSERT INTO seat (id,seat_number,available) VALUES (5,'5A',true);
INSERT INTO seat (id,seat_number,available) VALUES (6,'6A',true);
INSERT INTO seat (id,seat_number,available) VALUES (7,'7A',true);

INSERT INTO seat (id,seat_number,available) VALUES (8,'1B',true);
INSERT INTO seat (id,seat_number,available) VALUES (9,'2B',true);
INSERT INTO seat (id,seat_number,available) VALUES (10,'3B',true);
INSERT INTO seat (id,seat_number,available) VALUES (11,'4B',true);
INSERT INTO seat (id,seat_number,available) VALUES (12,'5B',true);
INSERT INTO seat (id,seat_number,available) VALUES (13,'6B',true);
INSERT INTO seat (id,seat_number,available) VALUES (14,'7B',true);

INSERT INTO seat (id,seat_number,available) VALUES (15,'1C',true);
INSERT INTO seat (id,seat_number,available) VALUES (16,'2C',true);
INSERT INTO seat (id,seat_number,available) VALUES (17,'3C',true);
INSERT INTO seat (id,seat_number,available) VALUES (18,'4C',true);
INSERT INTO seat (id,seat_number,available) VALUES (19,'5C',true);
INSERT INTO seat (id,seat_number,available) VALUES (20,'6C',true);
INSERT INTO seat (id,seat_number,available) VALUES (21,'7C',true);

INSERT INTO seat (id,seat_number,available) VALUES (22,'1D',true);
INSERT INTO seat (id,seat_number,available) VALUES (23,'2D',true);
INSERT INTO seat (id,seat_number,available) VALUES (24,'3D',true);
INSERT INTO seat (id,seat_number,available) VALUES (25,'4D',true);
INSERT INTO seat (id,seat_number,available) VALUES (26,'5D',true);
INSERT INTO seat (id,seat_number,available) VALUES (27,'6D',true);
INSERT INTO seat (id,seat_number,available) VALUES (28,'7D',true);

INSERT INTO seat (id,seat_number,available) VALUES (29,'1E',true);
INSERT INTO seat (id,seat_number,available) VALUES (30,'2E',true);
INSERT INTO seat (id,seat_number,available) VALUES (31,'3E',true);
INSERT INTO seat (id,seat_number,available) VALUES (32,'4E',true);
INSERT INTO seat (id,seat_number,available) VALUES (33,'5E',true);
INSERT INTO seat (id,seat_number,available) VALUES (34,'6E',true);
INSERT INTO seat (id,seat_number,available) VALUES (35,'7E',true);

INSERT INTO seat (id,seat_number,available) VALUES (36,'1F',true);
INSERT INTO seat (id,seat_number,available) VALUES (37,'2F',true);
INSERT INTO seat (id,seat_number,available) VALUES (38,'3F',true);
INSERT INTO seat (id,seat_number,available) VALUES (39,'4F',true);
INSERT INTO seat (id,seat_number,available) VALUES (40,'5F',true);
INSERT INTO seat (id,seat_number,available) VALUES (41,'6F',true);
INSERT INTO seat (id,seat_number,available) VALUES (42,'7F',true);

-- For second auditorium
INSERT INTO seat (id,seat_number,available) VALUES (43,'1A',true);
INSERT INTO seat (id,seat_number,available) VALUES (44,'2A',true);
INSERT INTO seat (id,seat_number,available) VALUES (45,'3A',true);
INSERT INTO seat (id,seat_number,available) VALUES (46,'4A',true);
INSERT INTO seat (id,seat_number,available) VALUES (47,'5A',true);
INSERT INTO seat (id,seat_number,available) VALUES (48,'6A',true);
INSERT INTO seat (id,seat_number,available) VALUES (49,'7A',true);

INSERT INTO seat (id,seat_number,available) VALUES (50,'1B',true);
INSERT INTO seat (id,seat_number,available) VALUES (51,'2B',true);
INSERT INTO seat (id,seat_number,available) VALUES (52,'3B',true);
INSERT INTO seat (id,seat_number,available) VALUES (53,'4B',true);
INSERT INTO seat (id,seat_number,available) VALUES (54,'5B',true);
INSERT INTO seat (id,seat_number,available) VALUES (55,'6B',true);
INSERT INTO seat (id,seat_number,available) VALUES (56,'7B',true);

INSERT INTO seat (id,seat_number,available) VALUES (57,'1C',true);
INSERT INTO seat (id,seat_number,available) VALUES (58,'2C',true);
INSERT INTO seat (id,seat_number,available) VALUES (59,'3C',true);
INSERT INTO seat (id,seat_number,available) VALUES (60,'4C',true);
INSERT INTO seat (id,seat_number,available) VALUES (61,'5C',true);
INSERT INTO seat (id,seat_number,available) VALUES (62,'6C',true);
INSERT INTO seat (id,seat_number,available) VALUES (63,'7C',true);

INSERT INTO seat (id,seat_number,available) VALUES (64,'1D',true);
INSERT INTO seat (id,seat_number,available) VALUES (65,'2D',true);
INSERT INTO seat (id,seat_number,available) VALUES (66,'3D',true);
INSERT INTO seat (id,seat_number,available) VALUES (67,'4D',true);
INSERT INTO seat (id,seat_number,available) VALUES (68,'5D',true);
INSERT INTO seat (id,seat_number,available) VALUES (69,'6D',true);
INSERT INTO seat (id,seat_number,available) VALUES (70,'7D',true);

INSERT INTO seat (id,seat_number,available) VALUES (71,'1E',true);
INSERT INTO seat (id,seat_number,available) VALUES (72,'2E',true);
INSERT INTO seat (id,seat_number,available) VALUES (73,'3E',true);
INSERT INTO seat (id,seat_number,available) VALUES (74,'4E',true);
INSERT INTO seat (id,seat_number,available) VALUES (75,'5E',true);
INSERT INTO seat (id,seat_number,available) VALUES (76,'6E',true);
INSERT INTO seat (id,seat_number,available) VALUES (77,'7E',true);

INSERT INTO seat (id,seat_number,available) VALUES (78,'1F',true);
INSERT INTO seat (id,seat_number,available) VALUES (79,'2F',true);
INSERT INTO seat (id,seat_number,available) VALUES (80,'3F',true);
INSERT INTO seat (id,seat_number,available) VALUES (81,'4F',true);
INSERT INTO seat (id,seat_number,available) VALUES (82,'5F',true);
INSERT INTO seat (id,seat_number,available) VALUES (83,'6F',true);
INSERT INTO seat (id,seat_number,available) VALUES (84,'7F',true);



-- seat_auditorium
INSERT INTO auditorium_seat (auditorium_id,seat_id) VALUES (1,1);
INSERT INTO auditorium_seat (auditorium_id,seat_id) VALUES (1,2);
INSERT INTO auditorium_seat (auditorium_id,seat_id) VALUES (1,3);
INSERT INTO auditorium_seat (auditorium_id,seat_id) VALUES (1,4);
INSERT INTO auditorium_seat (auditorium_id,seat_id) VALUES (1,5);
INSERT INTO auditorium_seat (auditorium_id,seat_id) VALUES (1,6);
INSERT INTO auditorium_seat (auditorium_id,seat_id) VALUES (1,7);
INSERT INTO auditorium_seat (auditorium_id,seat_id) VALUES (1,8);
INSERT INTO auditorium_seat (auditorium_id,seat_id) VALUES (1,9);
INSERT INTO auditorium_seat (auditorium_id,seat_id) VALUES (1,10);
INSERT INTO auditorium_seat (auditorium_id,seat_id) VALUES (1,11);
INSERT INTO auditorium_seat (auditorium_id,seat_id) VALUES (1,12);
INSERT INTO auditorium_seat (auditorium_id,seat_id) VALUES (1,13);
INSERT INTO auditorium_seat (auditorium_id,seat_id) VALUES (1,14);
INSERT INTO auditorium_seat (auditorium_id,seat_id) VALUES (1,15);
INSERT INTO auditorium_seat (auditorium_id,seat_id) VALUES (1,16);
INSERT INTO auditorium_seat (auditorium_id,seat_id) VALUES (1,17);
INSERT INTO auditorium_seat (auditorium_id,seat_id) VALUES (1,18);
INSERT INTO auditorium_seat (auditorium_id,seat_id) VALUES (1,19);
INSERT INTO auditorium_seat (auditorium_id,seat_id) VALUES (1,21);
INSERT INTO auditorium_seat (auditorium_id,seat_id) VALUES (1,22);
INSERT INTO auditorium_seat (auditorium_id,seat_id) VALUES (1,23);
INSERT INTO auditorium_seat (auditorium_id,seat_id) VALUES (1,24);
INSERT INTO auditorium_seat (auditorium_id,seat_id) VALUES (1,25);
INSERT INTO auditorium_seat (auditorium_id,seat_id) VALUES (1,26);
INSERT INTO auditorium_seat (auditorium_id,seat_id) VALUES (1,27);
INSERT INTO auditorium_seat (auditorium_id,seat_id) VALUES (1,28);
INSERT INTO auditorium_seat (auditorium_id,seat_id) VALUES (1,29);
INSERT INTO auditorium_seat (auditorium_id,seat_id) VALUES (1,30);
INSERT INTO auditorium_seat (auditorium_id,seat_id) VALUES (1,31);
INSERT INTO auditorium_seat (auditorium_id,seat_id) VALUES (1,32);
INSERT INTO auditorium_seat (auditorium_id,seat_id) VALUES (1,33);
INSERT INTO auditorium_seat (auditorium_id,seat_id) VALUES (1,34);
INSERT INTO auditorium_seat (auditorium_id,seat_id) VALUES (1,35);
INSERT INTO auditorium_seat (auditorium_id,seat_id) VALUES (1,36);
INSERT INTO auditorium_seat (auditorium_id,seat_id) VALUES (1,37);
INSERT INTO auditorium_seat (auditorium_id,seat_id) VALUES (1,38);
INSERT INTO auditorium_seat (auditorium_id,seat_id) VALUES (1,40);
INSERT INTO auditorium_seat (auditorium_id,seat_id) VALUES (1,41);
INSERT INTO auditorium_seat (auditorium_id,seat_id) VALUES (1,42);
-- second auditoiurm
INSERT INTO auditorium_seat (auditorium_id,seat_id) VALUES (2,43);
INSERT INTO auditorium_seat (auditorium_id,seat_id) VALUES (2,44);
INSERT INTO auditorium_seat (auditorium_id,seat_id) VALUES (2,45);
INSERT INTO auditorium_seat (auditorium_id,seat_id) VALUES (2,46);
INSERT INTO auditorium_seat (auditorium_id,seat_id) VALUES (2,47);
INSERT INTO auditorium_seat (auditorium_id,seat_id) VALUES (2,48);
INSERT INTO auditorium_seat (auditorium_id,seat_id) VALUES (2,49);
INSERT INTO auditorium_seat (auditorium_id,seat_id) VALUES (2,50);
INSERT INTO auditorium_seat (auditorium_id,seat_id) VALUES (2,51);
INSERT INTO auditorium_seat (auditorium_id,seat_id) VALUES (2,52);
INSERT INTO auditorium_seat (auditorium_id,seat_id) VALUES (2,53);
INSERT INTO auditorium_seat (auditorium_id,seat_id) VALUES (2,54);
INSERT INTO auditorium_seat (auditorium_id,seat_id) VALUES (2,55);
INSERT INTO auditorium_seat (auditorium_id,seat_id) VALUES (2,56);
INSERT INTO auditorium_seat (auditorium_id,seat_id) VALUES (2,57);
INSERT INTO auditorium_seat (auditorium_id,seat_id) VALUES (2,58);
INSERT INTO auditorium_seat (auditorium_id,seat_id) VALUES (2,59);
INSERT INTO auditorium_seat (auditorium_id,seat_id) VALUES (2,60);
INSERT INTO auditorium_seat (auditorium_id,seat_id) VALUES (2,61);
INSERT INTO auditorium_seat (auditorium_id,seat_id) VALUES (2,62);
INSERT INTO auditorium_seat (auditorium_id,seat_id) VALUES (2,63);
INSERT INTO auditorium_seat (auditorium_id,seat_id) VALUES (2,64);
INSERT INTO auditorium_seat (auditorium_id,seat_id) VALUES (2,65);
INSERT INTO auditorium_seat (auditorium_id,seat_id) VALUES (2,66);
INSERT INTO auditorium_seat (auditorium_id,seat_id) VALUES (2,67);
INSERT INTO auditorium_seat (auditorium_id,seat_id) VALUES (2,68);
INSERT INTO auditorium_seat (auditorium_id,seat_id) VALUES (2,69);
INSERT INTO auditorium_seat (auditorium_id,seat_id) VALUES (2,70);
INSERT INTO auditorium_seat (auditorium_id,seat_id) VALUES (2,71);
INSERT INTO auditorium_seat (auditorium_id,seat_id) VALUES (2,72);
INSERT INTO auditorium_seat (auditorium_id,seat_id) VALUES (2,73);
INSERT INTO auditorium_seat (auditorium_id,seat_id) VALUES (2,74);
INSERT INTO auditorium_seat (auditorium_id,seat_id) VALUES (2,75);
INSERT INTO auditorium_seat (auditorium_id,seat_id) VALUES (2,76);
INSERT INTO auditorium_seat (auditorium_id,seat_id) VALUES (2,77);
INSERT INTO auditorium_seat (auditorium_id,seat_id) VALUES (2,78);
INSERT INTO auditorium_seat (auditorium_id,seat_id) VALUES (2,79);
INSERT INTO auditorium_seat (auditorium_id,seat_id) VALUES (2,80);
INSERT INTO auditorium_seat (auditorium_id,seat_id) VALUES (2,81);
INSERT INTO auditorium_seat (auditorium_id,seat_id) VALUES (2,82);
